file,ordinal,onset,offset,word,orig_utt_type,orig_present,new_utt_type,new_present
10_06,1,2222060,2223734,teeth,d,y,d,y
10_06,2,2225940,2231272,teeth,i,y,i,y
10_06,3,2244647,2247126,tongue,q,y,q,y
10_06,4,2247725,2249337,tongue,i,y,d,y
10_06,5,2249337,2250091,teeth,i,y,i,y
10_06,6,2250269,2252633,teeth,q,y,q,y
10_06,7,2252634,2256783,teeth,d,y,d,y
10_06,8,2265389,2269945,mirror,q,y,q,y
10_06,9,2295429,2298931,baby,i,y,i,y
10_06,10,2298932,2300572,baby,n,n,d,n
10_06,11,2301449,2305773,cooties,q,y,q,y
10_06,12,2309769,2312434,toy,i,n,i,n
10_06,13,2327505,2330604,giraffe,q,y,q,y
10_06,14,2330605,2332463,giraffe,q,y,q,y
10_06,15,2341382,2342777,giraffe,d,y,d,y
10_06,16,2349900,2353654,giraffe,i,y,i,y
10_06,17,2353750,2355002,eyes,d,n,d,y
10_06,18,2355280,2356552,eyes,q,n,q,y
19_06,1,519943,524996,hand,d,y,d,y
19_06,2,524997,527166,finger,d,y,d,y
19_06,3,527167,529377,hand,d,y,d,y
19_06,4,538570,541513,mail+truck,d,n,d,n
19_06,5,541514,543923,mail+truck,d,n,d,n
19_06,6,543924,548353,mail+truck,d,n,d,n
19_06,7,543925,548352,muffler,d,n,d,n
19_06,8,548353,553193,sweatshirt,q,n,d,n
19_06,9,553287,556436,sweatshirt,q,n,q,y
19_06,10,576173,578230,bowl,d,y,q,y
19_06,11,578231,583801,bowl,n,y,n,y
19_06,12,585391,587609,bottle,d,n,d,n
19_06,13,601647,608158,chair,q,n,q,n
19_06,14,601647,608158,bib,q,n,q,n
19_06,15,601647,608158,peas,q,n,d,n
19_06,16,619192,621764,hand,q,y,q,y
19_06,17,639182,641165,block,q,y,q,y
19_06,18,641166,642950,block,d,y,d,y
19_06,19,649544,654130,teether+hand,d,y,d,y
19_06,20,692325,695548,hand+toy,q,y,q,y
19_06,21,695549,696711,hand+teether,q,y,n,y
19_06,22,701509,703259,weeble,d,n,d,n
19_06,23,720004,723289,cat,q,n,d,n
19_06,24,725874,728400,mouth,q,y,d,n
19_06,25,743904,748058,block,q,y,n,y
19_06,26,758906,761420,crinkly,d,y,d,y
19_06,27,761618,764658,crinkly,d,y,d,y
19_06,28,764658,768001,book,d,y,d,y
19_06,29,778384,780908,teething+ring,d,y,d,y
19_06,30,778384,780908,hand,d,y,d,y
19_06,31,786561,789579,block,d,y,d,y
35_06,1,3535606,3536598,dog,r,y,r,y
35_06,2,3538003,3539273,dogs,r,y,r,y
35_06,3,3539274,3540547,dogs,r,y,r,y
35_06,4,3540548,3542406,dogs,r,y,r,n
35_06,5,3547984,3549719,hat,r,y,r,y
35_06,6,3552915,3555364,dog,r,y,r,y
35_06,7,3555365,3557103,dogs,r,y,r,y
35_06,8,3557103,3558804,remote,q,n,q,y
35_06,9,3559113,3560724,book,d,y,d,y
35_06,10,3565190,3566000,dog,r,y,r,y
35_06,11,3566000,3566774,tree,r,y,r,y
35_06,12,3566774,3567600,dog,r,y,r,y
35_06,13,3567600,3568911,tree,r,y,r,y
35_06,14,3569411,3570500,dog,r,y,r,y
35_06,15,3570500,3571859,tree,r,y,r,y
35_06,16,3584668,3588573,burp+cloth,q,y,q,y
35_06,17,3595582,3596500,dogs,r,y,r,y
35_06,18,3596500,3597723,dogs,r,y,r,y
35_06,19,3597724,3599000,cars,r,y,r,y
35_06,20,3599000,3599742,dog,r,y,r,n
35_06,21,3599743,3601168,car,r,y,r,n
35_06,22,3601975,3603495,dogs,r,y,r,n
35_06,23,3603496,3605667,dog,r,y,r,y
35_06,24,3607322,3608934,dog,r,y,r,y
35_06,25,3608935,3610423,dog,r,y,r,y
35_06,26,3610424,3611820,dog,r,y,r,y
23_06,1,1624972,1628474,feet,s,n,s,n
23_06,2,1632211,1633450,stars,s,n,s,n
23_06,3,1708123,1709548,feet,s,n,s,n
23_06,4,1713610,1717081,stars,s,n,s,n
26_06,1,3417378,3417903,pigs,r,y,r,n
26_06,2,3424151,3424955,book,q,y,q,y
26_06,3,3433040,3433629,noggin,q,y,d,n
26_06,4,3452951,3454490,head,d,n,d,n
26_06,5,3462429,3463266,head,q,n,q,n
26_06,6,3473189,3475578,ants,q,n,q,n
26_06,7,3473189,3475578,pants,q,n,q,n
26_06,8,3476654,3477957,ants,q,n,q,n
26_06,9,3479238,3479867,belly,q,n,d,n
26_06,10,3479975,3480863,ants,d,n,q,n
26_06,11,3479975,3480863,belly,d,n,q,y
26_06,13,3480984,3482293,neck,q,n,q,y
26_06,12,3480984,3482293,ants,q,n,q,n
26_06,14,3482604,3483427,ants,q,n,q,n
26_06,15,3482604,3483427,feet,q,n,q,n
26_06,16,3484353,3485143,ants,d,n,d,n
26_06,17,3485847,3486776,ants,d,n,d,n
26_06,18,3488242,3489958,ants,d,n,d,n
26_06,19,3490414,3490829,ants,d,n,n,n
26_06,20,3490879,3491083,ants,d,n,n,n
26_06,21,3491084,3491610,ants,d,n,n,n
26_06,22,3493431,3494919,ants,d,n,d,n
26_06,23,3493431,3494919,leggies,d,n,d,n
20_06,1,899482,900814,hat,d,n,d,n
20_06,2,922703,924408,hat,d,n,d,n
20_06,3,949774,950883,ladybug,i,y,i,y
20_06,4,954301,957370,ladybug,i,n,i,n
20_06,5,999283,1000740,ladybug,n,n,n,n
20_06,6,1070026,1071640,toy,i,n,i,n
20_06,7,1071937,1073457,turtle,i,n,i,n
20_06,8,1095297,1098056,slinky,q,y,q,y
20_06,9,1095297,1098056,binky,q,y,d,y
20_06,10,1163296,1165775,binky,n,y,n,y
20_06,11,1168634,1171269,binky,n,y,d,y
20_06,13,1190876,1193232,binky,d,n,d,y
20_06,12,1190876,1193232,hat,d,n,d,n
20_06,14,1238319,1239125,binkies,n,n,n,n
20_06,15,1239125,1240142,body,n,n,n,n
20_06,16,1253383,1254313,toys,d,n,d,y
20_06,17,1254592,1256242,dog,d,y,d,y
20_06,18,1268873,1270408,hair,d,y,d,y
20_06,19,1270412,1271311,ears,n,n,d,n
20_06,20,1322238,1323541,belly,d,n,d,y
20_06,21,1350085,1351543,slinky,d,y,d,y
20_06,22,1359162,1361487,doggy,n,y,n,y
20_06,23,1361487,1362647,doggy,i,y,i,y
07_06,1,1846005,1847479,blanket,q,y,n,y
07_06,2,1847480,1850462,blanket,d,y,d,y
07_06,3,1854599,1855681,baby,q,y,q,y
07_06,4,1855681,1856922,baby,q,y,q,y
07_06,5,1856922,1858896,baby,d,y,d,y
07_06,6,1924699,1930215,finger,d,y,d,y
07_06,7,1930216,1932187,tooth,d,n,d,y
07_06,8,1932281,1934477,tooth,q,n,q,y
07_06,9,1965624,1969185,teething+toy,q,n,q,n
07_06,10,1965624,1969185,finger,q,y,q,y
07_06,11,1971480,1973873,finger,d,y,d,y
07_06,12,2061730,2064707,stories,q,n,q,n
07_06,13,2064707,2066005,books,d,n,d,n
07_06,14,2077004,2080184,Go+dogs+go,d,y,d,y
07_06,15,2080185,2081993,Go+dogs+go,d,y,d,y
07_06,16,2102036,2106711,floor,d,n,d,n
07_06,17,2102036,2106711,camera,q,n,q,n
07_06,18,2106714,2108038,Go+dog+go,d,y,d,y
07_06,19,2108105,2112012,dogs,r,y,r,y
07_06,20,2116164,2117019,skates,r,y,r,y
21_06,1,557458,559503,lion,n,y,n,y
21_06,2,560962,563146,lion,n,y,n,y
21_06,3,563147,565175,apple,d,y,d,y
21_06,4,565176,568073,lions,q,y,q,y
21_06,5,570597,572794,carrots,d,n,d,y
21_06,6,577614,580500,lions,n,n,n,y
34_06,1,2197716,2199317,rain,s,n,s,n
34_06,2,2508531,2510959,birdies,q,n,q,n
34_06,3,2511777,2513918,birdies,q,n,q,n
34_06,4,2556924,2558908,birdie+birdie+birdies,n,n,n,n
37_06,1,1292908,1294334,bottle,q,n,q,n
37_06,2,1295217,1296827,bottle,q,n,q,n
37_06,3,1304775,1306509,bottle,q,n,q,n
37_06,4,1304775,1306509,fridge,q,n,q,n
37_06,5,1318710,1319670,bottle,n,n,n,n
37_06,6,1492832,1497244,cameras,d,n,d,n
37_06,7,1520104,1524628,piece,d,n,d,n
37_06,8,1526660,1528116,puzzle,d,n,d,n
37_06,9,1529039,1530588,puzzle,q,n,q,n
37_06,10,1833569,1834477,ear,d,y,d,y
37_06,11,2002166,2004830,belly,d,n,d,n
37_06,12,2008061,2010779,hat,d,y,d,y
25_06,1,840763,842437,car,q,n,q,n
25_06,2,897256,898807,Baby+signs,q,y,q,y
25_06,3,903018,904289,Baby+signs,q,y,q,y
25_06,4,922694,924088,hat,q,y,q,n
25_06,5,942824,943864,car,d,n,d,n
25_06,6,946097,947679,toys,q,y,q,y
25_06,7,988352,989655,Baby+signs+book,q,y,q,y
25_06,8,1032324,1033254,toys,d,n,d,y
25_06,9,1117600,1120174,clothes,d,n,d,n
25_06,10,1120847,1123202,laundry,d,n,d,n
25_06,11,1123246,1125386,diapers,d,n,d,n
25_06,12,1126005,1127803,food,d,n,d,n
25_06,13,1130166,1132397,toys,d,n,d,y
25_06,14,1134043,1135191,crib,d,n,d,n
25_06,15,1136474,1138060,travel+crib,n,n,n,n
25_06,16,1208097,1210795,present,d,n,d,n
25_06,17,1216498,1219815,present,d,y,d,n
29_06,1,1814334,1818431,freezer,d,n,d,n
29_06,2,1928893,1932114,chewy,n,y,n,y
29_06,3,1928893,1932114,chewy,n,y,n,y
29_06,4,1928893,1932114,chewy,n,y,n,y
29_06,5,1947278,1950376,sponge,d,n,d,n
29_06,6,1947278,1950376,dishes,d,n,d,n
29_06,7,1953409,1955668,sponge,q,n,d,n
29_06,8,1953409,1955668,sink,q,n,d,n
29_06,9,1981448,1983749,food,d,n,d,n
29_06,10,2069757,2073135,tickets,d,n,d,n
29_06,11,2092601,2095669,dog,q,n,d,n
29_06,12,2096350,2097777,dog,q,n,q,n
29_06,13,2099377,2100805,dog,q,n,q,n
29_06,14,2124407,2125722,pizza,d,n,d,n
11_06,1,1797467,1799427,carrots,d,n,d,n
11_06,2,1799947,1802240,carrots,d,n,d,n
11_06,3,1802240,1803886,applesauce,d,y,d,y
11_06,4,1809974,1812269,applesauce,q,y,q,y
11_06,5,1820126,1821334,applesauce,n,y,n,y
11_06,6,1821901,1825217,face,d,n,d,n
11_06,7,1832672,1836516,foot,d,y,d,y
11_06,8,1832672,1836516,sloppy+joe,d,y,d,y
11_06,10,1837119,1839754,sloppy+joe,d,y,d,y
11_06,9,1837119,1839754,foot,d,y,d,y
11_06,11,1844575,1848388,sandwich,q,y,q,y
11_06,12,1849262,1854824,sandwich,q,y,q,y
11_06,13,1860504,1863573,caterpillar,q,y,q,y
11_06,14,1867113,1869655,applesauce,d,y,d,y
11_06,15,1882892,1885092,caterpillar,q,y,q,y
11_06,16,1926471,1929075,cup,d,y,d,y
11_06,17,1943213,1944840,cup,q,y,q,y
11_06,18,1953838,1956721,hand,q,y,d,y
11_06,19,1956721,1958442,hand,q,y,d,y
11_06,20,1969002,1972009,hands,q,y,q,y
11_06,21,1990804,1994462,card,d,n,d,n
11_06,22,2010000,2012927,cup,q,y,q,y
11_06,23,2014000,2015608,cup,d,y,d,y
11_06,24,2017948,2020366,face,d,n,d,n
11_06,25,2034202,2036121,rings,d,y,d,n
11_06,26,2038435,2040370,rings,d,y,d,y
11_06,27,2041101,2042497,applesauce,q,y,q,y
11_06,28,2043657,2045827,applesauce,q,y,q,y
11_06,29,2048979,2051180,ring,q,y,q,y
11_06,30,2053718,2055516,rings,i,y,i,y
11_06,31,2060963,2062543,rings,d,y,d,y
11_06,32,2063000,2065744,applesauce,d,y,d,y
11_06,33,2072121,2075098,grass,d,n,d,n
11_06,34,2079455,2083950,sloppy+joes,q,y,q,y
30_06,1,2995364,2999090,water,d,y,d,y
30_06,2,2995364,2999091,Bunny,d,y,d,y
30_06,3,2995364,2999092,trunk,d,y,d,y
30_06,4,3000621,3002750,Bunny,d,y,n,y
30_06,5,3000621,3002750,umbrella,d,y,d,y
30_06,6,3018900,3020785,bird,r,y,r,y
30_06,7,3021815,3023328,feathers,r,y,r,y
30_06,8,3024468,3026500,feathers,i,y,i,y
30_06,9,3026900,3029574,feathers,i,y,i,y
30_06,10,3043571,3045979,Bunny,r,y,r,y
30_06,11,3043571,3045979,giraffe,r,y,r,y
30_06,12,3047100,3049122,giraffe,r,y,r,y
30_06,13,3049955,3051792,giraffe,q,y,q,y
30_06,14,3053022,3053922,giraffe,q,y,q,y
30_06,15,3055606,3057064,Bunny,d,y,d,y
30_06,16,3060129,3061121,giraffe,q,y,q,y
30_06,17,3071315,3072792,Bunny,r,y,r,y
30_06,18,3071315,3072792,turtle,r,y,r,y
30_06,19,3074469,3076956,turtle+shell,q,y,q,y
30_06,20,3079857,3081400,turtles,d,y,q,y
30_06,21,3081401,3082250,turtles,q,y,q,y
30_06,22,3083938,3085007,turtles,d,y,n,y
30_06,23,3121791,3122752,swing,q,y,q,y
30_06,24,3124611,3125293,eyes,d,n,d,n
30_06,25,3173101,3174403,swing,q,y,q,n
30_06,26,3192262,3195254,swing,q,y,q,y
38_06,1,754987,755824,butter,n,n,d,y
38_06,2,756011,757064,avocado,n,n,d,n
38_06,3,758842,760919,sandwiches,d,n,d,n
38_06,4,771450,774332,avocados,d,y,d,y
38_06,5,777975,781904,sweet+potatoes,d,n,d,n
38_06,6,785276,787290,bottle,q,y,q,y
38_06,7,790049,791591,face,d,y,q,y
38_06,8,791931,793295,face,d,y,q,y
38_06,9,894785,896200,blanket,q,y,q,y
38_06,10,894785,896200,feet,q,y,q,y
38_06,11,984313,985676,camera,d,y,q,y
38_06,12,1093982,1096222,ambulance,d,n,d,n
22_06,1,2593662,2595991,j,r,y,r,y
22_06,2,2593662,2595991,j,r,y,r,y
22_06,3,2595991,2600786,k,r,y,r,y
22_06,4,2595991,2600786,k,r,y,r,y
22_06,5,2595991,2600786,k,r,y,r,y
22_06,6,2600787,2603000,kangaroo,r,y,r,y
22_06,7,2600787,2603000,kite,r,y,r,y
22_06,10,2603197,2604825,k,r,y,r,y
22_06,9,2603197,2604825,k,r,y,r,y
22_06,8,2603197,2604825,k,r,y,r,y
22_06,11,2604825,2608000,l,r,y,r,y
22_06,12,2604825,2608000,l,r,y,r,y
22_06,13,2604825,2608000,l,r,y,r,y
22_06,14,2608001,2610743,lion,r,y,r,y
22_06,15,2608001,2610743,lollipop,r,y,r,y
22_06,16,2611493,2613000,l,r,y,r,y
22_06,17,2611493,2613000,l,r,y,r,y
22_06,18,2611493,2613177,l,r,y,r,y
22_06,21,2613177,2616901,m,r,y,r,y
22_06,20,2613177,2616901,m,r,y,r,y
22_06,19,2613177,2616901,m,r,y,r,y
22_06,22,2616902,2620059,mice,r,y,r,y
22_06,23,2621500,2624108,m,r,y,r,y
22_06,24,2621500,2624108,m,r,y,r,y
22_06,25,2621500,2624108,m,r,y,r,y
22_06,26,2627078,2630427,n,r,y,r,y
22_06,27,2627078,2630427,n,r,y,r,y
22_06,28,2630427,2637184,neckties,r,y,r,y
22_06,29,2637185,2639000,nightshirt,r,y,r,y
22_06,30,2637185,2639164,nose,r,y,r,y
22_06,31,2639580,2643464,o,r,y,r,y
22_06,32,2639580,2643464,o,r,y,r,y
22_06,33,2639580,2643464,o,r,y,r,y
22_06,34,2644048,2647000,ostrich,r,y,r,y
22_06,35,2644048,2647000,oil,r,y,r,y
22_06,36,2644048,2647000,owl,r,y,r,y
28_06,1,2605156,2607101,arms,r,y,r,y
28_06,2,2620945,2622124,mouth,r,y,r,y
28_06,3,2623986,2624885,page,q,y,q,y
28_06,4,2627398,2629522,fish,r,y,r,y
28_06,5,2627398,2629522,face,r,y,r,y
28_06,6,2636752,2637341,fish,r,y,r,y
28_06,7,2643289,2644524,Mr+fish,r,y,r,y
28_06,8,2652579,2653571,Mr+fish,r,y,r,y
28_06,9,2654388,2655703,Mr+fish,r,y,r,y
28_06,10,2657248,2658457,statue,r,n,r,n
28_06,11,2661761,2662816,Mr+fish,r,y,r,y
28_06,12,2669469,2672275,fish,r,y,r,y
28_06,13,2669469,2672275,face,r,y,r,y
28_06,14,2688589,2689426,book,q,y,q,y
28_06,15,2712585,2714012,dog,d,y,n,y
28_06,16,2722324,2723099,book,q,y,q,y
28_06,17,2735188,2736864,pacifier,d,y,d,n
28_06,18,2735188,2736864,mouth,d,y,d,n
31_06,1,1365155,1366023,tomatoes,n,y,r,y
31_06,2,1366487,1368162,ladybugs,n,y,r,y
31_06,3,1375571,1378392,raspberries,d,y,d,y
31_06,4,1392495,1394046,bananas,n,y,r,y
31_06,5,1394325,1395818,boots,n,y,r,y
31_06,6,1396045,1396843,boots,n,y,i,y
31_06,7,1396843,1397406,duck,n,y,r,y
31_06,8,1397407,1398228,giraffe,n,y,r,y
31_06,9,1399654,1400801,raincoat,n,y,r,y
31_06,11,1401111,1403435,fish,n,y,r,y
31_06,10,1401111,1403435,fish,n,y,i,y
31_06,12,1403715,1405217,bucket,n,y,r,y
31_06,13,1412401,1413115,fish,n,y,r,y
31_06,14,1414479,1415408,ball,n,y,n,y
31_06,15,1417330,1418384,carrots,n,y,r,y
31_06,16,1418632,1419902,jack+o+lantern,d,y,d,y
31_06,17,1419902,1420895,pumpkin,d,y,d,y
31_06,18,1430161,1431812,crab,n,y,r,y
31_06,19,1432059,1433919,crab,d,y,d,y
31_06,20,1432060,1433919,Craig+the+crab,d,y,d,n
31_06,21,1434026,1434924,Craig,q,n,q,n
33_06,1,145983,147608,frog,d,y,d,y
33_06,2,157459,159818,sheep,q,y,q,y
33_06,3,160314,161501,sheep,n,y,n,y
33_06,4,161502,162986,sheep,d,y,d,y
33_06,5,167130,169421,pig,q,y,q,y
33_06,6,169947,173249,pig,d,y,d,y
33_06,7,177435,179057,toes,d,y,d,n
33_06,8,189170,191498,farm,s,n,s,n
33_06,9,192984,195095,farm,s,n,s,n
33_06,10,195096,196745,pig,n,y,s,n
33_06,11,207058,209582,farm,s,n,s,n
33_06,12,217528,219053,page,q,y,q,y
33_06,13,219703,221396,page,q,y,q,y
33_06,14,222355,223937,page,q,y,q,y
33_06,15,230539,232187,owl,q,y,n,y
33_06,16,233643,236015,owl,d,y,d,y
33_06,17,239362,241394,turkey,q,y,q,n
33_06,18,249360,250964,turkey,d,y,d,n
33_06,19,255687,258290,teeth,q,n,q,n
33_06,20,258866,260996,bee,q,y,q,y
33_06,21,264758,266606,gums,d,n,d,n
33_06,22,284943,287594,cat,q,y,q,y
33_06,23,287600,289442,cat,d,y,d,y
33_06,24,294219,296306,rings,q,n,q,n
33_06,25,310461,311684,animals,n,y,d,y
33_06,26,311700,314225,animals,q,y,q,y
33_06,27,320346,321947,duck,q,n,q,y
33_06,28,325531,327854,story,q,y,q,y
33_06,29,334081,336467,turtle+toy,q,y,q,y
33_06,30,338233,340955,turtle,d,y,d,y
33_06,31,342247,344816,balls,d,y,d,y
33_06,32,347233,349403,balls,q,y,q,n
33_06,33,354935,358214,bee,q,y,q,n
33_06,34,362436,364550,turtle,q,y,q,y
33_06,35,365158,367652,book,d,y,d,y
33_06,36,385836,387188,turtle,d,y,d,y
33_06,37,393627,396230,turtle,d,y,d,y
33_06,38,403529,405965,animals,q,y,q,y
33_06,39,415971,417449,tiger,q,y,q,y
33_06,40,422422,424874,gums,q,n,q,n
33_06,41,426013,428174,bee,q,y,q,y
33_06,42,428802,430847,book,d,y,d,y
33_06,43,430847,432497,book,d,y,d,y
33_06,44,436425,438866,turtle,d,y,d,y
33_06,45,450402,452924,turtle,q,n,q,n
33_06,46,459362,461966,balls,q,n,q,n
33_06,47,491561,494141,tiger,q,y,q,y
33_06,48,496554,498762,cat,d,y,d,n
33_06,49,499133,500342,panda,n,y,q,y
12_06,1,1325433,1329740,sheep,r,y,r,y
12_06,2,1329741,1330765,truck,q,y,q,y
12_06,3,1330766,1331381,truck,q,y,q,y
12_06,4,1331382,1333051,truck,q,y,q,y
12_06,5,1333052,1336044,truck,q,y,q,y
12_06,6,1336045,1337738,truck,q,y,q,y
12_06,7,1342694,1345142,horse,r,y,r,y
12_06,8,1345142,1346920,fence,r,y,r,y
12_06,9,1345142,1346920,goat,r,y,r,y
12_06,10,1346921,1350743,hen,r,y,r,y
12_06,11,1346921,1350743,chick,r,y,r,y
12_06,12,1346921,1350743,duck,r,y,r,y
12_06,13,1350743,1352954,Little+blue+truck,r,y,r,y
12_06,14,1355622,1359987,head,r,y,r,y
12_06,15,1355622,1359987,head,r,y,r,y
12_06,16,1355622,1359987,rump,r,y,r,y
12_06,17,1355622,1359987,rump,r,y,r,y
12_06,18,1355622,1359987,Blue,r,y,r,n
12_06,19,1355622,1359987,Dump,r,n,r,n
12_06,20,1359988,1364078,toad,r,y,r,y
12_06,21,1364079,1364982,truck,q,y,q,y
12_06,22,1364983,1367891,toad,d,y,d,y
12_06,23,1368337,1370661,frog,n,y,n,y
12_06,24,1374474,1376723,trucks,r,y,r,y
12_06,25,1376724,1379482,truck,d,y,d,y
12_06,26,1379483,1382156,truck,d,y,d,y
12_06,27,1384420,1388371,Dump,r,y,r,y
12_06,28,1384420,1388371,Blue,r,y,r,y
12_06,29,1390666,1394757,hands,r,n,r,y
12_06,30,1394758,1399577,Blue,r,y,r,y
12_06,31,1420907,1424902,book,i,y,i,y
12_06,32,1429019,1431204,page,q,y,q,y
12_06,33,1431205,1433555,page,q,y,q,y
12_06,34,1443412,1445860,book,q,y,q,y
12_06,35,1472137,1474866,piano,d,n,d,n
12_06,36,1475019,1476015,piano,q,n,q,n
12_06,37,1476015,1477050,piano,q,n,q,n
12_06,38,1487185,1487903,throat,d,n,d,n
12_06,39,1487904,1488541,bink,q,y,q,y
12_06,40,1560840,1562890,piano,i,y,i,y
12_06,41,1747403,1751197,bib,d,n,d,n
12_06,42,1756636,1762557,clothes,d,n,d,n
12_06,43,1775928,1778069,bottle,q,y,q,y
12_06,44,1794041,1795490,peas,d,y,d,y
12_06,45,1798692,1802810,bottle,d,y,d,y
12_06,46,1839758,1842144,peas,n,y,n,y
12_06,47,1855824,1859466,peas,n,y,n,y
12_06,48,1871728,1877351,peas,s,y,s,y
12_06,49,1871728,1877351,peas,s,y,s,y
12_06,50,1907350,1910946,fruit,d,n,d,n
12_06,51,1910947,1913312,peas,d,y,d,y
12_06,52,1925124,1929948,peas,d,y,d,y
12_06,53,1925124,1929948,hat,d,n,d,n
12_06,54,1929949,1932129,peas,d,y,d,y
12_06,55,1929949,1932129,hat,d,n,d,n
12_06,56,1936114,1938747,fingers,i,y,i,y
12_06,57,1965917,1968304,bowl,d,y,d,y
12_06,58,1965917,1968304,hands,d,n,d,y
12_06,59,1989359,1991145,peas,d,y,d,y
12_06,60,1995059,1998472,peas,d,y,d,y
12_06,61,2001870,2003481,peas,i,y,i,y
12_06,62,2015975,2019307,tummy,d,n,d,n
12_06,63,2042579,2045709,peas,q,y,q,y
12_06,64,2070283,2071154,hat,d,n,d,n
12_06,65,2088312,2091008,peas,n,y,n,y
12_06,66,2091009,2092883,peas,n,y,n,y
03_06,1,1052012,1055705,h,s,y,d,y
03_06,2,1064978,1067177,tower,i,y,i,y
03_06,3,1078995,1085676,tower,d,y,i,y
03_06,4,1146190,1147862,blocks,q,y,q,y
03_06,5,1191521,1193429,seat,d,n,d,n
03_06,6,1193547,1195986,food,d,n,d,n
43_06,1,1510522,1511586,peas,d,n,d,n
43_06,2,1512401,1513438,peas,d,n,d,n
43_06,3,1513438,1514363,tray,d,n,d,n
43_06,4,1515655,1518399,fingers,d,n,d,y
43_06,5,1518399,1521305,fingers,q,n,q,n
43_06,6,1541747,1545491,camera,d,n,d,y
43_06,7,1560933,1562050,oatmeal,d,n,d,n
43_06,8,1568825,1571290,pears,d,n,d,n
43_06,9,1768699,1770173,dip,d,n,d,n
43_06,10,1768699,1770368,chips,d,n,d,n
43_06,11,1771330,1772888,hamburger,d,n,d,n
43_06,12,1771330,1772888,hot+dog+buns,d,n,d,n
43_06,13,1836275,1839266,oatmeal,q,y,q,y
43_06,14,1852391,1855135,phone,d,n,d,n
43_06,15,1859368,1861236,phone,q,n,q,n
43_06,16,1874168,1875571,hamburger,d,n,d,n
43_06,17,1874520,1875571,hot+dog+buns,d,n,d,n
43_06,18,1890958,1893516,camera,q,n,q,n
43_06,19,1894844,1896600,oatmeal,q,y,q,y
43_06,20,1896600,1897781,pears,q,n,q,n
43_06,21,1901033,1903777,camera,q,n,q,n
43_06,22,1907450,1910225,hat,d,y,d,y
43_06,23,1917879,1919685,oatmeal,q,y,q,y
43_06,24,1925311,1927024,oatmeal,q,y,q,y
43_06,25,1945626,1948370,oatmeal,d,y,i,y
43_06,26,1952454,1954291,baby,d,y,d,y
04_06,1,508002,510467,prunes,n,y,n,y
04_06,2,604421,607257,face,q,y,q,y
04_06,3,658368,661622,prunes,s,y,s,y
04_06,4,762331,764819,food,n,y,n,y
04_06,5,829618,832781,face,d,n,d,n
04_06,6,942195,944582,diaper,q,n,q,n
04_06,7,1069914,1073664,food,s,y,s,y
04_06,8,1069964,1073858,tummy,s,n,s,n
46_06,1,2031874,2033019,face,q,y,q,y
46_06,2,2067834,2070277,blanket,q,y,q,y
46_06,3,2072327,2074310,blanket,q,y,q,y
46_06,4,2182514,2184064,cauliflower,d,n,d,n
46_06,5,2324920,2326752,baba,n,n,n,n
46_06,6,2484824,2489824,mirror,q,y,q,y
46_06,7,2492221,2494238,mirror,d,y,d,y
18_06,1,357342,361640,animal+crackers,n,n,s,n
18_06,2,383436,387093,fruit,n,n,n,n
18_06,3,406660,410004,mac+and+cheese,s,n,s,n
18_06,4,409000,411545,mac+and+cheese,n,n,n,n
18_06,5,411713,412954,mac+and+cheese,q,n,q,n
18_06,6,413419,414938,mac+and+cheese,d,n,d,n
18_06,7,415576,420752,mac+and+cheese,s,n,s,n
18_06,8,421482,423133,door,s,n,s,n
18_06,9,423134,426001,mac+and+cheese,q,n,d,n
18_06,10,423135,426001,door,q,n,d,n
18_06,11,426001,431300,mac+and+cheese,s,n,s,n
18_06,12,431300,433765,door,s,n,s,n
18_06,13,471794,474800,toys,q,n,d,y
18_06,14,474800,477645,toys,q,n,q,y
18_06,15,486000,488786,chair,d,y,d,y
18_06,16,503866,507012,pizza,q,n,q,n
18_06,17,507041,509355,pizza,d,n,d,n
18_06,18,509384,511599,cookies,q,n,n,n
18_06,19,509384,511599,pizza,q,n,n,n
18_06,20,512012,514170,cookies,d,n,d,n
18_06,21,512012,514170,pizza,d,n,d,n
18_06,22,512683,515170,cookies,d,n,d,n
18_06,23,540835,542448,cup,d,n,d,n
18_06,24,543049,546188,cup,d,n,d,n
18_06,25,546201,551377,bag,d,n,d,n
18_06,26,551951,556072,cup,d,n,d,n
18_06,27,559600,564553,coffee+pot,d,y,d,y
18_06,28,576794,579956,coffee,d,n,d,y
18_06,29,590058,591762,cubby,d,n,i,n
32_06,1,2203859,2205100,pepper,d,n,d,n
32_06,2,2205348,2206681,pepper,d,n,d,n
32_06,3,2206681,2209097,faces,d,n,d,y
32_06,4,2254029,2257802,kitty,d,n,d,n
32_06,5,2257802,2259817,kitty,d,n,d,n
32_06,6,2257802,2259817,birdies,d,n,d,n
32_06,7,2274090,2278065,lion,d,n,d,n
32_06,8,2274090,2278065,tiger,d,n,d,n
32_06,9,2314472,2316610,face,d,y,d,y
32_06,10,2395125,2397000,kitty+fur,d,n,d,n
40_06,1,497501,499360,hat,d,y,d,y
40_06,2,499963,503411,paci,q,y,q,y
40_06,3,779225,781581,teeth,q,n,q,n
16_06,1,1286704,1288996,ball,i,y,i,y
16_06,2,1301832,1306201,bubbles,q,n,d,n
16_06,3,1306202,1307695,bubbles,q,n,q,n
16_06,4,1307695,1309952,ball,i,y,i,y
16_06,5,1309953,1313074,ball,i,y,i,y
16_06,6,1313075,1315903,ball,i,y,i,y
16_06,7,1315903,1317646,ball,i,y,i,y
16_06,8,1317647,1320522,ball,i,y,i,y
16_06,9,1317647,1320522,foot,i,y,i,y
16_06,10,1320523,1322653,ball,i,y,i,y
16_06,11,1322653,1326457,ball,i,y,i,y
16_06,12,1346299,1351579,tails,i,y,d,y
16_06,13,1352066,1353121,tails,d,y,d,y
16_06,14,1353121,1356106,tails,d,y,n,y
16_06,15,1356107,1359326,tails,i,y,i,y
16_06,16,1359327,1361482,tails,q,y,q,y
16_06,17,1368260,1370305,tail,q,y,q,y
16_06,18,1370305,1376143,tiger,q,n,d,y
16_06,19,1370305,1376143,tail,q,y,d,y
16_06,20,1385896,1389863,parrot,d,y,d,y
16_06,21,1392454,1394600,lizard,d,y,n,y
16_06,22,1394600,1396927,tiger,d,y,n,y
16_06,23,1425033,1430458,ipad,d,n,d,n
16_06,24,1433331,1435749,crocodile,d,y,d,y
16_06,25,1436707,1441603,alligator,s,n,s,y
16_06,26,1441603,1444344,crocodile,s,y,s,y
16_06,27,1510007,1514662,crocodile,q,y,q,y
16_06,28,1515713,1518580,hat,n,n,d,n
16_06,29,1518877,1520791,hat,d,n,d,n
16_06,30,1520792,1523805,hat,d,n,d,n
16_06,31,1536682,1540836,baby,d,n,d,y
16_06,32,1540837,1541872,baby,q,n,q,y
16_06,33,1541872,1543777,baby,d,n,d,y
13_06,1,1049343,1052600,sesame+seeds,q,n,q,n
13_06,2,1060788,1063501,jelly+bean,n,n,n,n
13_06,3,1064432,1067671,jelly+bean,n,n,n,n
13_06,4,1075480,1078642,sesame+seeds,q,n,q,n
13_06,5,1110318,1113228,pencil,d,n,d,n
13_06,6,1118304,1119358,floor,d,n,d,n
13_06,7,1119358,1120357,floor,d,n,d,n
13_06,8,1120357,1121441,floor,i,n,i,n
13_06,9,1121441,1123318,hand,d,n,d,n
15_06,1,257335,259367,car,d,n,d,n
15_06,2,257335,259367,driveway,d,n,d,n
15_06,3,262118,264317,driveway,d,n,d,n
15_06,4,271915,273807,driveway,d,n,d,n
15_06,5,274189,275584,camera,d,n,d,n
15_06,6,279420,281590,camera,d,n,d,n
15_06,7,290431,291794,camera,d,n,d,n
14_06,1,2386747,2389132,hat,d,n,d,n
14_06,2,2403611,2404879,hands,d,n,d,n
14_06,3,2452333,2454834,blocks,d,y,d,y
14_06,4,2454834,2457249,blocks,q,y,d,n
14_06,5,2888114,2890311,feet,d,y,d,y
14_06,6,2890312,2892766,feet,d,y,d,y
14_06,7,2911514,2917002,laundry,d,n,d,n
14_06,8,3010102,3012938,hat,q,y,q,y
14_06,9,3285999,3289997,top,i,y,i,y
14_06,10,3290138,3292807,top,d,y,d,y
14_06,11,3292808,3294416,top,q,y,q,y
14_06,12,3385268,3388209,container,q,y,q,y
14_06,13,3448625,3451071,blanket,q,y,q,y
14_06,14,3468415,3469756,belly,q,y,o,o
14_06,15,3469757,3471222,belly,q,y,o,o
14_06,16,3492018,3494431,bear,i,y,i,y
14_06,17,3496034,3497964,bear,d,y,n,y
14_06,18,3552424,3554868,blanky,q,y,q,y
41_06,1,2659375,2661575,teeth,q,n,q,n
41_06,2,2662002,2664024,teeth,q,n,q,n
41_06,3,2691461,2694840,teeth,d,n,d,n
41_06,4,2700018,2702218,book,q,n,q,n
41_06,5,2702926,2703515,toes,i,y,i,n
41_06,6,2704105,2704880,toenails,d,y,d,n
41_06,7,2708782,2710362,foot,d,y,d,y
41_06,8,2710363,2712284,foot,i,y,i,y
41_06,9,2884271,2887928,lamb,s,n,s,n
41_06,10,2887929,2889447,lamb,s,n,s,n
41_06,11,2889448,2891772,lamb,s,n,s,n
41_06,12,2892502,2894175,sheep,s,n,s,n
41_06,13,2920494,2925174,star,s,n,s,n
41_06,14,2960269,2962841,mouth,i,n,i,n
41_06,15,2971368,2973227,drool,d,n,d,n
41_06,16,3186907,3188891,foot,d,y,d,y
41_06,17,3234789,3237981,apples,d,y,d,y
41_06,18,3234789,3237993,plums,d,y,d,y
06_06,1,3099815,3101529,house,d,n,d,n
06_06,2,3101530,3103165,dog,n,y,n,y
06_06,3,3103166,3398806,dog,n,y,n,y
06_06,4,3104160,3106264,dog,q,y,q,y
06_06,5,3353930,3356275,books,q,n,q,n
06_06,6,3359360,3360540,Abby+cadabby,d,y,q,y
06_06,7,3372588,3373806,Humpty+dumpty,r,y,d,y
06_06,8,3373806,3376052,Humpty,r,y,r,y
06_06,9,3376053,3377663,wall,r,y,r,y
06_06,10,3377664,3379968,Humpty,r,y,r,y
06_06,11,3379969,3383310,Humpty+dumpty,r,y,r,y
36_06,1,1073782,1077408,finger,d,y,d,y
36_06,2,1080007,1082740,teeth,q,n,q,n
36_06,3,1082741,1085407,teeth,d,n,d,n
36_06,4,1102271,1104300,teeth,d,n,d,n
36_06,5,1102271,1104301,babies,d,n,d,n
36_06,6,1104302,1105329,teeth,d,n,d,n
36_06,7,1106137,1109205,teeth,d,n,d,n
36_06,8,1109206,1113142,fly,i,n,i,n
36_06,9,1137640,1138417,paper+towel,d,n,d,n
36_06,10,1178603,1180431,house,i,n,i,n
36_06,11,1196211,1197450,turtle,q,y,q,y
36_06,12,1200666,1202564,hat,q,y,q,y
36_06,13,1204479,1206882,tag,d,y,d,y
36_06,14,1307505,1311326,fly,d,n,d,n
36_06,15,1307505,1311326,flowers,d,n,d,n
36_06,16,1326301,1329959,shirt,d,y,d,n
36_06,17,1388032,1391101,pillow,q,y,q,n
36_06,18,1391750,1393671,computer,q,y,q,n
36_06,19,1397547,1401824,pacifier,d,n,n,n
36_06,20,1401825,1404661,pillow,i,y,i,y
36_06,21,1405762,1409760,pillow,i,n,i,n
36_06,22,1429560,1430798,sticker,q,n,n,n
36_06,23,1430799,1431387,stamp,q,n,n,n
36_06,24,1450724,1452436,play+doh,d,n,i,n
02_06,1,273489,274276,trumpet,q,n,q,n
02_06,2,274754,277668,trumpet,d,n,d,n
02_06,3,278277,280368,trumpet,q,y,q,y
02_06,4,281383,282467,trumpet,q,y,q,n
02_06,5,289732,291776,trumpets,d,y,d,n
02_06,6,304558,306976,tuba,d,n,d,n
02_06,7,308082,309206,tuba,q,n,q,n
09_06,1,2147232,2148502,Cookie,q,n,q,n
09_06,2,2149481,2150752,Cookie+monster,d,n,d,n
09_06,3,2151413,2153801,Cookie+monster,d,n,d,n
09_06,4,2158122,2159672,Cookie+monster,d,n,d,n
09_06,5,2166717,2168791,cookie,d,n,d,n
09_06,6,2172468,2175726,cookie,q,n,q,n
09_06,7,2180374,2181397,Elmo,d,n,d,y
09_06,8,2181397,2184091,Elmo,n,n,n,y
09_06,9,2184096,2185270,Elmo,q,n,q,y
09_06,10,2223283,2228852,Cookie+monster,q,n,q,n
09_06,11,2229255,2230496,Cookie,n,y,d,n
09_06,12,2230636,2233038,Cookie+monster,d,y,d,y
09_06,13,2281421,2283453,ladybug,q,y,q,y
09_06,14,2283454,2285234,ladybug,q,y,q,y
09_06,15,2285235,2286994,ladybug,d,y,d,y
09_06,16,2287440,2288431,horsey,d,n,d,y
09_06,17,2300454,2302748,Cookie+monster,q,n,q,n
09_06,18,2311743,2313908,Cookie+monster,d,y,d,y
09_06,19,2313909,2317524,Cookie+monster,i,y,i,y
09_06,20,2325205,2327649,Cookie+monster,q,n,q,n
09_06,21,2329824,2332195,Cookie+monster,q,n,q,n
09_06,22,2379676,2381629,monkeys,q,y,q,y
44_06,1,940592,943599,elephant,d,y,d,y
44_06,2,953865,957644,water,i,n,i,n
44_06,3,963087,966126,juice+boxes,d,n,d,n
44_06,4,1016741,1019221,water,d,n,d,n
44_06,5,1037341,1038199,elephant,d,y,d,y
44_06,6,1039055,1039877,elephant,i,y,i,y
44_06,7,1043286,1044575,key,d,n,d,n
44_06,8,1048040,1049838,keys,n,y,n,y
44_06,9,1052666,1054403,key,d,y,d,y
44_06,10,1084204,1084958,grass,d,n,d,n
44_06,11,1095302,1097905,hat,d,n,d,y
44_06,12,1127667,1128812,camera,d,n,d,y
44_06,13,1128812,1129733,cat,d,n,d,n
45_06,1,239878,241461,nose,s,y,s,y
45_06,2,241461,242761,head,s,y,s,y
45_06,3,242762,243641,shoulders,s,y,s,y
45_06,4,243642,244447,knees,s,y,s,y
45_06,5,243642,244447,toes,s,y,s,y
45_06,6,244761,245679,knees,s,y,s,y
45_06,7,244761,245679,toes,s,y,s,y
45_06,8,254361,255849,Doc,q,y,q,y
45_06,9,255850,257037,Doc,q,y,q,y
45_06,10,258030,259776,Doc,d,y,d,y
45_06,11,259776,261525,Doc,d,y,d,y
45_06,12,283951,287100,Doc,q,y,q,y
45_06,13,287100,288651,chair,q,y,q,y
45_06,14,316151,318186,Doc,q,y,q,y
42_06,1,2705461,2708840,teeth,d,n,d,n
42_06,2,2714018,2716218,book,q,y,q,y
42_06,3,2716355,2717502,toes,i,y,i,y
42_06,4,2718015,2719317,toenails,d,y,d,y
42_06,5,2722782,2724362,foot,d,n,d,n
42_06,6,2724363,2726284,foot,i,n,i,n
42_06,7,2726388,2728899,book,q,y,q,y
42_06,8,2800583,2803993,babies,d,n,i,y
42_06,9,2808083,2811989,babies,d,n,d,y
42_06,10,2813876,2818155,babies,n,n,n,y
42_06,11,2898271,2901928,lamb,s,n,s,n
42_06,12,2901929,2903447,lamb,s,n,s,n
42_06,13,2903448,2905772,lamb,s,n,s,n
42_06,14,2934494,2939174,star,s,n,s,n
42_06,15,2974269,2976841,mouth,i,n,i,n
42_06,16,2985368,2986182,drool,d,y,d,y
42_06,17,2986183,2987817,mouth,i,y,i,y
42_06,18,3199858,3202072,foot,d,y,d,n
42_06,19,3248789,3251981,apples,d,y,d,y
42_06,20,3248789,3251993,plums,d,y,d,y
39_06,1,337258,339459,head,i,y,i,n
39_06,2,355239,358339,block,d,y,d,y
39_06,3,383390,384921,blanket,n,y,n,y
39_06,4,385837,386753,binky,q,y,q,y
39_06,5,395917,400164,elephant,d,y,d,y
39_06,6,400164,401390,elephant,q,y,q,y
39_06,7,422874,423926,blanket,d,y,d,y
39_06,8,465220,465893,water,n,y,n,y
39_06,9,466864,468635,water,q,n,q,n
39_06,10,519130,520928,camera,q,y,n,y
39_06,11,522749,524019,camera,i,y,i,y
39_06,12,539055,540480,tummy,i,y,i,y
39_06,13,569374,571482,hat,q,n,q,n
39_06,14,582702,584862,block,i,y,i,y
39_06,15,585078,588002,pee+pee,d,n,d,n
39_06,16,588003,590197,pee+pee,d,n,d,n
39_06,17,590198,593793,pee+pee,d,n,n,n
39_06,18,598910,601242,diaper,i,y,i,y
39_06,19,637131,640880,owls,d,n,d,n
39_06,20,640881,642461,owls,d,n,d,n
39_06,21,642462,646926,chickadees,d,n,d,n
39_06,22,652315,654794,a,n,y,n,y
39_06,23,654795,657801,a,q,y,q,y
39_06,24,705037,707009,block,q,y,q,y
39_06,25,741140,743146,blocks,d,y,d,y
39_06,26,743147,747053,tummy,q,y,q,y
27_06,1,1446543,1447659,drum,d,y,d,y
27_06,2,1599875,1600866,drum,q,y,q,y
27_06,3,1603306,1604329,drum,q,y,q,y
27_06,4,1665041,1666466,diaper,d,n,d,n
27_06,5,1672998,1674114,baby,q,y,q,y
27_06,6,1680004,1682423,baby,d,n,n,n
27_06,7,1803698,1805869,diaper,d,y,d,y
27_06,8,1918111,1919351,floor,q,n,d,n
27_06,9,1924053,1925200,floor,q,n,q,n
08_06,1,1605432,1607847,picture,d,n,d,n
08_06,2,1679106,1681585,tongue,q,y,q,y
08_06,3,1681586,1683452,tongue,d,y,d,y
08_06,4,1742574,1746387,book,d,y,d,y
08_06,5,1810058,1813219,hat,q,y,q,y
08_06,6,1813220,1815939,hat,q,y,q,y
01_06,1,348351,350592,dump+truck+tires,r,y,r,y
01_06,2,351681,352836,dog,q,n,q,n
01_06,3,358828,360327,Dump,r,y,r,y
01_06,4,376040,377388,dog,q,n,q,n
01_06,5,415624,417351,shelf,q,y,q,y
01_06,6,472214,473616,gate,q,y,q,y
01_06,7,572146,573738,hat,d,y,d,y
01_06,8,587935,589545,yogurt,q,n,q,n
01_06,9,593695,595749,yogurt,d,n,d,n
01_06,10,598630,600171,yogurt,q,n,q,n
01_06,11,614924,616473,sweatshirt,d,y,d,y
01_06,12,697446,698742,puzzle,q,y,q,y
01_06,13,708111,709929,puzzle+piece,q,y,q,y